{
  "last_node_id": 163,
  "last_link_id": 346,
  "nodes": [
    {
      "id": 31,
      "type": "KSampler",
      "pos": [
        -390,
        2240
      ],
      "size": {
        "0": 320,
        "1": 470
      },
      "flags": {},
      "order": 39,
      "mode": 0,
      "inputs": [
        {
          "name": "model",
          "type": "MODEL",
          "link": 50
        },
        {
          "name": "positive",
          "type": "CONDITIONING",
          "link": 126,
          "slot_index": 1
        },
        {
          "name": "negative",
          "type": "CONDITIONING",
          "link": 127
        },
        {
          "name": "latent_image",
          "type": "LATENT",
          "link": 128
        }
      ],
      "outputs": [
        {
          "name": "LATENT",
          "type": "LATENT",
          "links": [
            57,
            148
          ],
          "shape": 3,
          "slot_index": 0
        }
      ],
      "properties": {
        "Node name for S&R": "KSampler"
      },
      "widgets_values": [
        570419062455057,
        "fixed",
        6,
        1.2,
        "dpmpp_sde",
        "karras",
        0.35000000000000003
      ],
      "shape": 1
    },
    {
      "id": 54,
      "type": "GrowMask",
      "pos": [
        0,
        1590
      ],
      "size": {
        "0": 320,
        "1": 82
      },
      "flags": {
        "collapsed": false
      },
      "order": 33,
      "mode": 0,
      "inputs": [
        {
          "name": "mask",
          "type": "MASK",
          "link": 100
        }
      ],
      "outputs": [
        {
          "name": "MASK",
          "type": "MASK",
          "links": [
            105,
            217
          ],
          "shape": 3,
          "slot_index": 0
        }
      ],
      "properties": {
        "Node name for S&R": "GrowMask"
      },
      "widgets_values": [
        20,
        true
      ],
      "shape": 1
    },
    {
      "id": 106,
      "type": "ImpactGaussianBlurMask",
      "pos": [
        360,
        1680
      ],
      "size": {
        "0": 315,
        "1": 82
      },
      "flags": {},
      "order": 35,
      "mode": 0,
      "inputs": [
        {
          "name": "mask",
          "type": "MASK",
          "link": 217
        }
      ],
      "outputs": [
        {
          "name": "MASK",
          "type": "MASK",
          "links": [
            218
          ],
          "shape": 3,
          "slot_index": 0
        }
      ],
      "properties": {
        "Node name for S&R": "ImpactGaussianBlurMask"
      },
      "widgets_values": [
        20,
        10
      ],
      "shape": 1
    },
    {
      "id": 37,
      "type": "VAEDecode",
      "pos": [
        -40,
        2200
      ],
      "size": {
        "0": 210,
        "1": 46
      },
      "flags": {
        "collapsed": true
      },
      "order": 42,
      "mode": 0,
      "inputs": [
        {
          "name": "samples",
          "type": "LATENT",
          "link": 68
        },
        {
          "name": "vae",
          "type": "VAE",
          "link": 69
        }
      ],
      "outputs": [
        {
          "name": "IMAGE",
          "type": "IMAGE",
          "links": [],
          "shape": 3,
          "slot_index": 0
        }
      ],
      "properties": {
        "Node name for S&R": "VAEDecode"
      },
      "shape": 1
    },
    {
      "id": 30,
      "type": "VAEEncode",
      "pos": [
        70,
        1890
      ],
      "size": {
        "0": 250,
        "1": 50
      },
      "flags": {
        "collapsed": false
      },
      "order": 37,
      "mode": 0,
      "inputs": [
        {
          "name": "pixels",
          "type": "IMAGE",
          "link": 176
        },
        {
          "name": "vae",
          "type": "VAE",
          "link": 203
        }
      ],
      "outputs": [
        {
          "name": "LATENT",
          "type": "LATENT",
          "links": [
            47
          ],
          "shape": 3,
          "slot_index": 0
        }
      ],
      "properties": {
        "Node name for S&R": "VAEEncode"
      },
      "shape": 1
    },
    {
      "id": 104,
      "type": "ImageCompositeMasked",
      "pos": [
        360,
        1490
      ],
      "size": {
        "0": 315,
        "1": 146
      },
      "flags": {},
      "order": 46,
      "mode": 0,
      "inputs": [
        {
          "name": "destination",
          "type": "IMAGE",
          "link": 212
        },
        {
          "name": "source",
          "type": "IMAGE",
          "link": 213
        },
        {
          "name": "mask",
          "type": "MASK",
          "link": 218
        }
      ],
      "outputs": [
        {
          "name": "IMAGE",
          "type": "IMAGE",
          "links": [
            345
          ],
          "shape": 3,
          "slot_index": 0
        }
      ],
      "properties": {
        "Node name for S&R": "ImageCompositeMasked"
      },
      "widgets_values": [
        0,
        0,
        false
      ],
      "shape": 1
    },
    {
      "id": 27,
      "type": "LamaRemover",
      "pos": [
        0,
        1710
      ],
      "size": {
        "0": 320,
        "1": 130
      },
      "flags": {
        "collapsed": false
      },
      "order": 34,
      "mode": 0,
      "inputs": [
        {
          "name": "images",
          "type": "IMAGE",
          "link": 236
        },
        {
          "name": "masks",
          "type": "MASK",
          "link": 105
        }
      ],
      "outputs": [
        {
          "name": "images",
          "type": "IMAGE",
          "links": [
            44,
            176,
            212
          ],
          "shape": 3,
          "slot_index": 0
        }
      ],
      "properties": {
        "Node name for S&R": "LamaRemover"
      },
      "widgets_values": [
        110,
        10,
        false
      ],
      "shape": 1
    },
    {
      "id": 29,
      "type": "SetLatentNoiseMask",
      "pos": [
        70,
        1980
      ],
      "size": {
        "0": 250,
        "1": 50
      },
      "flags": {
        "collapsed": false
      },
      "order": 38,
      "mode": 0,
      "inputs": [
        {
          "name": "samples",
          "type": "LATENT",
          "link": 47,
          "slot_index": 0
        },
        {
          "name": "mask",
          "type": "MASK",
          "link": 321
        }
      ],
      "outputs": [
        {
          "name": "LATENT",
          "type": "LATENT",
          "links": [
            128
          ],
          "shape": 3,
          "slot_index": 0
        }
      ],
      "properties": {
        "Node name for S&R": "SetLatentNoiseMask"
      },
      "shape": 1
    },
    {
      "id": 23,
      "type": "SAMModelLoader (segment anything)",
      "pos": [
        -370,
        550
      ],
      "size": {
        "0": 360,
        "1": 60
      },
      "flags": {
        "collapsed": false,
        "pinned": false
      },
      "order": 0,
      "mode": 0,
      "outputs": [
        {
          "name": "SAM_MODEL",
          "type": "SAM_MODEL",
          "links": [
            36
          ],
          "shape": 3,
          "slot_index": 0
        }
      ],
      "properties": {
        "Node name for S&R": "SAMModelLoader (segment anything)"
      },
      "widgets_values": [
        "sam_hq_vit_l (1.25GB)"
      ],
      "shape": 1
    },
    {
      "id": 22,
      "type": "GroundingDinoModelLoader (segment anything)",
      "pos": [
        -370,
        660
      ],
      "size": {
        "0": 361.20001220703125,
        "1": 60
      },
      "flags": {
        "collapsed": false,
        "pinned": false
      },
      "order": 1,
      "mode": 0,
      "outputs": [
        {
          "name": "GROUNDING_DINO_MODEL",
          "type": "GROUNDING_DINO_MODEL",
          "links": [
            37
          ],
          "shape": 3,
          "slot_index": 0
        }
      ],
      "properties": {
        "Node name for S&R": "GroundingDinoModelLoader (segment anything)"
      },
      "widgets_values": [
        "GroundingDINO_SwinT_OGC (694MB)"
      ],
      "shape": 1
    },
    {
      "id": 6,
      "type": "EmptyLatentImage",
      "pos": [
        -370,
        390
      ],
      "size": {
        "0": 360,
        "1": 110
      },
      "flags": {},
      "order": 2,
      "mode": 0,
      "outputs": [
        {
          "name": "LATENT",
          "type": "LATENT",
          "links": [
            171
          ],
          "shape": 3,
          "slot_index": 0
        }
      ],
      "properties": {
        "Node name for S&R": "EmptyLatentImage"
      },
      "widgets_values": [
        896,
        1152,
        1
      ],
      "shape": 1
    },
    {
      "id": 8,
      "type": "VAELoader",
      "pos": [
        -370,
        290
      ],
      "size": {
        "0": 360,
        "1": 60
      },
      "flags": {},
      "order": 3,
      "mode": 0,
      "outputs": [
        {
          "name": "VAE",
          "type": "VAE",
          "links": [
            34,
            56,
            69,
            85,
            203
          ],
          "shape": 3,
          "slot_index": 0
        }
      ],
      "properties": {
        "Node name for S&R": "VAELoader"
      },
      "widgets_values": [
        "sdxl_vae.safetensors"
      ],
      "shape": 1
    },
    {
      "id": 124,
      "type": "Reroute (rgthree)",
      "pos": {
        "0": 630,
        "1": 1540,
        "2": 0,
        "3": 0,
        "4": 0,
        "5": 0,
        "6": 0,
        "7": 0,
        "8": 0,
        "9": 0
      },
      "size": [
        40,
        30
      ],
      "flags": {},
      "order": 19,
      "mode": 0,
      "inputs": [
        {
          "name": "",
          "type": "*",
          "link": 272,
          "dir": 3,
          "has_old_label": true,
          "label": " ",
          "slot_index": 0
        }
      ],
      "outputs": [
        {
          "name": "IMAGE",
          "type": "IMAGE",
          "links": [
            273
          ],
          "dir": 4,
          "has_old_label": true,
          "label": " ",
          "slot_index": 0
        }
      ],
      "properties": {
        "resizable": false,
        "size": [
          40,
          30
        ]
      },
      "shape": 1
    },
    {
      "id": 26,
      "type": "ImpactDilateMask",
      "pos": [
        0,
        1490
      ],
      "size": {
        "0": 320,
        "1": 60
      },
      "flags": {
        "collapsed": false
      },
      "order": 32,
      "mode": 0,
      "inputs": [
        {
          "name": "mask",
          "type": "MASK",
          "link": 314,
          "slot_index": 0
        }
      ],
      "outputs": [
        {
          "name": "MASK",
          "type": "MASK",
          "links": [
            100,
            321
          ],
          "shape": 3,
          "slot_index": 0
        }
      ],
      "properties": {
        "Node name for S&R": "ImpactDilateMask"
      },
      "widgets_values": [
        15
      ],
      "shape": 1
    },
    {
      "id": 2,
      "type": "CLIPSetLastLayer",
      "pos": [
        -370,
        180
      ],
      "size": {
        "0": 360,
        "1": 60
      },
      "flags": {},
      "order": 10,
      "mode": 0,
      "inputs": [
        {
          "name": "clip",
          "type": "CLIP",
          "link": 1
        }
      ],
      "outputs": [
        {
          "name": "CLIP",
          "type": "CLIP",
          "links": [
            164
          ],
          "shape": 3,
          "slot_index": 0
        }
      ],
      "properties": {
        "Node name for S&R": "CLIPSetLastLayer"
      },
      "widgets_values": [
        -1
      ],
      "shape": 1
    },
    {
      "id": 33,
      "type": "VAEDecode",
      "pos": [
        -390,
        2200
      ],
      "size": {
        "0": 210,
        "1": 46
      },
      "flags": {
        "collapsed": true
      },
      "order": 40,
      "mode": 0,
      "inputs": [
        {
          "name": "samples",
          "type": "LATENT",
          "link": 57
        },
        {
          "name": "vae",
          "type": "VAE",
          "link": 56
        }
      ],
      "outputs": [
        {
          "name": "IMAGE",
          "type": "IMAGE",
          "links": [],
          "shape": 3,
          "slot_index": 0
        }
      ],
      "properties": {
        "Node name for S&R": "VAEDecode"
      },
      "shape": 1
    },
    {
      "id": 18,
      "type": "VAEDecode",
      "pos": [
        790,
        20
      ],
      "size": {
        "0": 210,
        "1": 46
      },
      "flags": {
        "collapsed": true
      },
      "order": 17,
      "mode": 0,
      "inputs": [
        {
          "name": "samples",
          "type": "LATENT",
          "link": 32
        },
        {
          "name": "vae",
          "type": "VAE",
          "link": 34
        }
      ],
      "outputs": [
        {
          "name": "IMAGE",
          "type": "IMAGE",
          "links": [
            276
          ],
          "shape": 3,
          "slot_index": 0
        }
      ],
      "properties": {
        "Node name for S&R": "VAEDecode"
      },
      "shape": 1
    },
    {
      "id": 46,
      "type": "VAEDecode",
      "pos": [
        300,
        2200
      ],
      "size": {
        "0": 210,
        "1": 46
      },
      "flags": {
        "collapsed": true
      },
      "order": 44,
      "mode": 0,
      "inputs": [
        {
          "name": "samples",
          "type": "LATENT",
          "link": 84
        },
        {
          "name": "vae",
          "type": "VAE",
          "link": 85
        }
      ],
      "outputs": [
        {
          "name": "IMAGE",
          "type": "IMAGE",
          "links": [
            88,
            213,
            252,
            259
          ],
          "shape": 3,
          "slot_index": 0
        }
      ],
      "properties": {
        "Node name for S&R": "VAEDecode"
      },
      "shape": 1
    },
    {
      "id": 117,
      "type": "ImageCompositeMasked",
      "pos": [
        360,
        1800
      ],
      "size": {
        "0": 315,
        "1": 146
      },
      "flags": {},
      "order": 47,
      "mode": 0,
      "inputs": [
        {
          "name": "destination",
          "type": "IMAGE",
          "link": 252
        },
        {
          "name": "source",
          "type": "IMAGE",
          "link": 319
        },
        {
          "name": "mask",
          "type": "MASK",
          "link": 320
        }
      ],
      "outputs": [
        {
          "name": "IMAGE",
          "type": "IMAGE",
          "links": [
            260
          ],
          "shape": 3,
          "slot_index": 0
        }
      ],
      "properties": {
        "Node name for S&R": "ImageCompositeMasked"
      },
      "widgets_values": [
        0,
        0,
        false
      ],
      "shape": 1
    },
    {
      "id": 95,
      "type": "MaskPreview+",
      "pos": [
        430,
        910
      ],
      "size": {
        "0": 220,
        "1": 250
      },
      "flags": {},
      "order": 31,
      "mode": 0,
      "inputs": [
        {
          "name": "mask",
          "type": "MASK",
          "link": 185
        }
      ],
      "properties": {
        "Node name for S&R": "MaskPreview+"
      },
      "shape": 1
    },
    {
      "id": 3,
      "type": "CLIPTextEncode",
      "pos": [
        350,
        40
      ],
      "size": {
        "0": 400,
        "1": 260
      },
      "flags": {},
      "order": 14,
      "mode": 0,
      "inputs": [
        {
          "name": "clip",
          "type": "CLIP",
          "link": 25
        }
      ],
      "outputs": [
        {
          "name": "CONDITIONING",
          "type": "CONDITIONING",
          "links": [
            5
          ],
          "shape": 3
        }
      ],
      "properties": {
        "Node name for S&R": "CLIPTextEncode"
      },
      "widgets_values": [
        "A street style photo of a young woman walking confidently down a rainy street. She is wearing a striking red coat that falls just above her knees, accentuating her slim figure. Her black hair is wet from the rain and hangs loosely around her face, adding to her carefree and edgy look. The red coat is paired perfectly with a simple white t-shirt and black jeans, which are both slightly damp from the rain. The woman's expression is one of contentment, as she enjoys the sensation of the raindrops on her skin."
      ],
      "color": "#232",
      "bgcolor": "#353",
      "shape": 1
    },
    {
      "id": 1,
      "type": "CheckpointLoaderSimple",
      "pos": [
        -370,
        40
      ],
      "size": {
        "0": 360,
        "1": 100
      },
      "flags": {},
      "order": 4,
      "mode": 0,
      "outputs": [
        {
          "name": "MODEL",
          "type": "MODEL",
          "links": [
            163
          ],
          "shape": 3
        },
        {
          "name": "CLIP",
          "type": "CLIP",
          "links": [
            1,
            59
          ],
          "shape": 3,
          "slot_index": 1
        },
        {
          "name": "VAE",
          "type": "VAE",
          "links": [],
          "shape": 3,
          "slot_index": 2
        }
      ],
      "properties": {
        "Node name for S&R": "CheckpointLoaderSimple"
      },
      "widgets_values": [
        "checkpoints_e\\wildcardxXLLIGHTNING_wildcardxXL.safetensors"
      ],
      "shape": 1
    },
    {
      "id": 58,
      "type": "PreviewBridge",
      "pos": [
        10,
        520
      ],
      "size": {
        "0": 410,
        "1": 640
      },
      "flags": {},
      "order": 22,
      "mode": 0,
      "inputs": [
        {
          "name": "images",
          "type": "IMAGE",
          "link": 284
        }
      ],
      "outputs": [
        {
          "name": "IMAGE",
          "type": "IMAGE",
          "links": [],
          "shape": 3,
          "slot_index": 0
        },
        {
          "name": "MASK",
          "type": "MASK",
          "links": [
            142,
            182
          ],
          "shape": 3,
          "slot_index": 1
        }
      ],
      "properties": {
        "Node name for S&R": "PreviewBridge"
      },
      "widgets_values": [
        "$58-1712246688.367447"
      ],
      "shape": 1
    },
    {
      "id": 74,
      "type": "ImpactSwitch",
      "pos": [
        430,
        520
      ],
      "size": {
        "0": 220,
        "1": 142
      },
      "flags": {
        "pinned": false
      },
      "order": 28,
      "mode": 0,
      "inputs": [
        {
          "name": "input1",
          "type": "MASK",
          "link": 142,
          "label": "Manual"
        },
        {
          "name": "input2",
          "type": "MASK",
          "link": 143,
          "label": "Auto"
        },
        {
          "name": "input3",
          "type": "MASK",
          "link": 183,
          "label": "Combo"
        },
        {
          "name": "input4",
          "type": "MASK",
          "link": null
        }
      ],
      "outputs": [
        {
          "name": "MASK",
          "type": "MASK",
          "links": [
            185,
            314
          ],
          "shape": 3,
          "label": "MASK",
          "slot_index": 0
        },
        {
          "name": "selected_label",
          "type": "STRING",
          "links": null,
          "shape": 3
        },
        {
          "name": "selected_index",
          "type": "INT",
          "links": null,
          "shape": 3
        }
      ],
      "title": "Mask selector",
      "properties": {
        "Node name for S&R": "ImpactSwitch"
      },
      "widgets_values": [
        3,
        true
      ],
      "shape": 1
    },
    {
      "id": 28,
      "type": "PreviewImage",
      "pos": [
        660,
        520
      ],
      "size": {
        "0": 230,
        "1": 320
      },
      "flags": {},
      "order": 36,
      "mode": 0,
      "inputs": [
        {
          "name": "images",
          "type": "IMAGE",
          "link": 44
        }
      ],
      "properties": {
        "Node name for S&R": "PreviewImage"
      },
      "shape": 1
    },
    {
      "id": 119,
      "type": "Image Comparer (rgthree)",
      "pos": {
        "0": 1050,
        "1": 40,
        "2": 0,
        "3": 0,
        "4": 0,
        "5": 0,
        "6": 0,
        "7": 0,
        "8": 0,
        "9": 0
      },
      "size": {
        "0": 330,
        "1": 440
      },
      "flags": {},
      "order": 49,
      "mode": 0,
      "inputs": [
        {
          "name": "image_a",
          "type": "IMAGE",
          "link": 259,
          "dir": 3
        },
        {
          "name": "image_b",
          "type": "IMAGE",
          "link": 260,
          "dir": 3
        }
      ],
      "outputs": [],
      "properties": {
        "comparer_mode": "Slide"
      },
      "widgets_values": [
        [
          "/view?filename=rgthree.compare._temp_vnqsc_00151_.png&type=temp&subfolder=&rand=0.23230722651634883",
          "/view?filename=rgthree.compare._temp_vnqsc_00152_.png&type=temp&subfolder=&rand=0.6074922497216173"
        ]
      ],
      "shape": 1
    },
    {
      "id": 36,
      "type": "KSampler",
      "pos": [
        -40,
        2240
      ],
      "size": {
        "0": 320,
        "1": 470
      },
      "flags": {},
      "order": 41,
      "mode": 0,
      "inputs": [
        {
          "name": "model",
          "type": "MODEL",
          "link": 64
        },
        {
          "name": "positive",
          "type": "CONDITIONING",
          "link": 65,
          "slot_index": 1
        },
        {
          "name": "negative",
          "type": "CONDITIONING",
          "link": 66
        },
        {
          "name": "latent_image",
          "type": "LATENT",
          "link": 148
        }
      ],
      "outputs": [
        {
          "name": "LATENT",
          "type": "LATENT",
          "links": [
            68,
            147
          ],
          "shape": 3,
          "slot_index": 0
        }
      ],
      "properties": {
        "Node name for S&R": "KSampler"
      },
      "widgets_values": [
        570419062455059,
        "fixed",
        4,
        1,
        "dpmpp_sde",
        "karras",
        0.6
      ],
      "shape": 1
    },
    {
      "id": 85,
      "type": "LoraLoader",
      "pos": [
        -370,
        770
      ],
      "size": {
        "0": 360,
        "1": 130
      },
      "flags": {},
      "order": 12,
      "mode": 4,
      "inputs": [
        {
          "name": "model",
          "type": "MODEL",
          "link": 163
        },
        {
          "name": "clip",
          "type": "CLIP",
          "link": 164
        }
      ],
      "outputs": [
        {
          "name": "MODEL",
          "type": "MODEL",
          "links": [
            341
          ],
          "shape": 3,
          "slot_index": 0
        },
        {
          "name": "CLIP",
          "type": "CLIP",
          "links": [
            342
          ],
          "shape": 3,
          "slot_index": 1
        }
      ],
      "properties": {
        "Node name for S&R": "LoraLoader"
      },
      "widgets_values": [
        "lora\\incase_style_v2_ponyxl_ilff.safetensors",
        0.7,
        0.7
      ],
      "shape": 1
    },
    {
      "id": 16,
      "type": "LoraLoader",
      "pos": [
        -370,
        940
      ],
      "size": {
        "0": 360,
        "1": 130
      },
      "flags": {},
      "order": 13,
      "mode": 4,
      "inputs": [
        {
          "name": "model",
          "type": "MODEL",
          "link": 341
        },
        {
          "name": "clip",
          "type": "CLIP",
          "link": 342
        }
      ],
      "outputs": [
        {
          "name": "MODEL",
          "type": "MODEL",
          "links": [
            29,
            50,
            64,
            80
          ],
          "shape": 3
        },
        {
          "name": "CLIP",
          "type": "CLIP",
          "links": [
            25,
            28
          ],
          "shape": 3
        }
      ],
      "properties": {
        "Node name for S&R": "LoraLoader"
      },
      "widgets_values": [
        "lora\\xl_more_art-full-beta1.safetensors",
        0.7,
        0.7
      ],
      "shape": 1
    },
    {
      "id": 122,
      "type": "Mask Invert",
      "pos": [
        680,
        1030
      ],
      "size": {
        "0": 210,
        "1": 26
      },
      "flags": {
        "collapsed": true
      },
      "order": 25,
      "mode": 0,
      "inputs": [
        {
          "name": "masks",
          "type": "MASK",
          "link": 265
        }
      ],
      "outputs": [
        {
          "name": "MASKS",
          "type": "MASK",
          "links": [
            262
          ],
          "shape": 3,
          "slot_index": 0
        }
      ],
      "properties": {
        "Node name for S&R": "Mask Invert"
      },
      "shape": 1
    },
    {
      "id": 121,
      "type": "JoinImageWithAlpha",
      "pos": [
        680,
        1080
      ],
      "size": {
        "0": 210,
        "1": 46
      },
      "flags": {
        "collapsed": true
      },
      "order": 27,
      "mode": 0,
      "inputs": [
        {
          "name": "image",
          "type": "IMAGE",
          "link": 263
        },
        {
          "name": "alpha",
          "type": "MASK",
          "link": 262
        }
      ],
      "outputs": [
        {
          "name": "IMAGE",
          "type": "IMAGE",
          "links": [
            285,
            337
          ],
          "shape": 3,
          "slot_index": 0
        }
      ],
      "properties": {
        "Node name for S&R": "JoinImageWithAlpha"
      },
      "shape": 1
    },
    {
      "id": 126,
      "type": "SaveImage",
      "pos": [
        680,
        1130
      ],
      "size": {
        "0": 320,
        "1": 270
      },
      "flags": {
        "collapsed": true
      },
      "order": 29,
      "mode": 0,
      "inputs": [
        {
          "name": "images",
          "type": "IMAGE",
          "link": 285
        }
      ],
      "properties": {},
      "widgets_values": [
        "genfill/%date:MM-dd-yy%/ genfill_extracted"
      ],
      "shape": 1
    },
    {
      "id": 120,
      "type": "PreviewImage",
      "pos": [
        660,
        880
      ],
      "size": {
        "0": 230,
        "1": 280
      },
      "flags": {},
      "order": 30,
      "mode": 0,
      "inputs": [
        {
          "name": "images",
          "type": "IMAGE",
          "link": 337
        }
      ],
      "properties": {
        "Node name for S&R": "PreviewImage"
      },
      "shape": 1
    },
    {
      "id": 4,
      "type": "CLIPTextEncode",
      "pos": [
        350,
        340
      ],
      "size": {
        "0": 400,
        "1": 140
      },
      "flags": {},
      "order": 15,
      "mode": 0,
      "inputs": [
        {
          "name": "clip",
          "type": "CLIP",
          "link": 28
        }
      ],
      "outputs": [
        {
          "name": "CONDITIONING",
          "type": "CONDITIONING",
          "links": [
            6,
            66,
            82,
            126
          ],
          "shape": 3,
          "slot_index": 0
        }
      ],
      "properties": {
        "Node name for S&R": "CLIPTextEncode"
      },
      "widgets_values": [
        "(worst quality, low quality:1.3), (ng_deepnegative_v1_75t), (BadNegAnatomyV1-neg), (badhandv4:2.0), (easynegative), (bad-hands-5:2.0), (5-funny-looking-fingers:2.0), bad-hands-5,bad_prompt_version2,deformed,missing limbs, amputated, disfigured, monsters, multiple girls, Clothes, Ugly, Old, Unrealistic Eyes, (disfigured, deformed, distorted:1.3), (un-detailed skin, semi-realistic, lowres, bad anatomy, bad hands), missing fingers, extra digit, fewer digits, cropped, worst quality, low quality, normal quality, jpeg artifacts, signature, watermark, extra fingers, fused fingers, too many fingers, extra legs, extra arms, extra foot, cloned face, mutated hands, same_body_type, same_size, blurry, photoshopped, paintings, plastic doll, plastic skin, plastic, smooth skin, airbrushed, glossy, unretouched, Bad Lighting, Extra Limbs, merging, worst quality, bad lighting, cropped, blurry, low-quality, deformed, text, poorly drawn, bad art, bad angle, boring, low-resolution, worst quality, bad composition, terrible lighting, bad anatomy, worst quality, ugly, 3D, photograph, bad art, blurry, boring, extra mouth, missing finger, extra finger, deformed hands, deformed arms, deformed fingers, negative_hand-neg-SDXL, AnimeSupport-neg-XL, missing finger, extra finger, deformed hands, deformed arms, deformed fingers"
      ],
      "color": "#322",
      "bgcolor": "#533",
      "shape": 1
    },
    {
      "id": 159,
      "type": "Primitive float [Crystools]",
      "pos": [
        430,
        810
      ],
      "size": {
        "0": 220,
        "1": 60
      },
      "flags": {},
      "order": 5,
      "mode": 0,
      "outputs": [
        {
          "name": "float",
          "type": "FLOAT",
          "links": [
            339
          ],
          "shape": 3,
          "slot_index": 0
        }
      ],
      "title": "threshold",
      "properties": {
        "Node name for S&R": "Primitive float [Crystools]"
      },
      "widgets_values": [
        0.3
      ],
      "shape": 1
    },
    {
      "id": 49,
      "type": "SaveImage",
      "pos": [
        490,
        2200
      ],
      "size": {
        "0": 320,
        "1": 270
      },
      "flags": {
        "collapsed": true
      },
      "order": 45,
      "mode": 0,
      "inputs": [
        {
          "name": "images",
          "type": "IMAGE",
          "link": 88
        }
      ],
      "properties": {},
      "widgets_values": [
        "genfill/%date:MM-dd-yy%/ genfill_bg"
      ],
      "shape": 1
    },
    {
      "id": 89,
      "type": "Reroute",
      "pos": [
        -380,
        1420
      ],
      "size": [
        75,
        26
      ],
      "flags": {},
      "order": 20,
      "mode": 0,
      "inputs": [
        {
          "name": "",
          "type": "*",
          "link": 273
        }
      ],
      "outputs": [
        {
          "name": "IMAGE",
          "type": "IMAGE",
          "links": [
            235,
            236,
            284,
            344
          ],
          "slot_index": 0
        }
      ],
      "properties": {
        "showOutputText": false,
        "horizontal": false
      },
      "shape": 1
    },
    {
      "id": 20,
      "type": "GroundingDinoSAMSegment (segment anything)",
      "pos": [
        -380,
        1490
      ],
      "size": {
        "0": 360,
        "1": 150
      },
      "flags": {
        "collapsed": false
      },
      "order": 21,
      "mode": 0,
      "inputs": [
        {
          "name": "sam_model",
          "type": "SAM_MODEL",
          "link": 36,
          "slot_index": 0
        },
        {
          "name": "grounding_dino_model",
          "type": "GROUNDING_DINO_MODEL",
          "link": 37
        },
        {
          "name": "image",
          "type": "IMAGE",
          "link": 235
        },
        {
          "name": "prompt",
          "type": "STRING",
          "link": 184,
          "widget": {
            "name": "prompt"
          }
        },
        {
          "name": "threshold",
          "type": "FLOAT",
          "link": 339,
          "widget": {
            "name": "threshold"
          }
        }
      ],
      "outputs": [
        {
          "name": "IMAGE",
          "type": "IMAGE",
          "links": [
            39,
            263,
            319
          ],
          "shape": 3,
          "slot_index": 0
        },
        {
          "name": "MASK",
          "type": "MASK",
          "links": [
            40,
            143,
            181,
            265,
            320
          ],
          "shape": 3,
          "slot_index": 1
        }
      ],
      "properties": {
        "Node name for S&R": "GroundingDinoSAMSegment (segment anything)"
      },
      "widgets_values": [
        "character ",
        0.35000000000000003
      ],
      "color": "#332922",
      "bgcolor": "#593930",
      "shape": 1
    },
    {
      "id": 92,
      "type": "AddMask",
      "pos": [
        -370,
        1680
      ],
      "size": {
        "0": 210,
        "1": 46
      },
      "flags": {
        "collapsed": false
      },
      "order": 26,
      "mode": 0,
      "inputs": [
        {
          "name": "mask1",
          "type": "MASK",
          "link": 181
        },
        {
          "name": "mask2",
          "type": "MASK",
          "link": 182
        }
      ],
      "outputs": [
        {
          "name": "MASK",
          "type": "MASK",
          "links": [
            183
          ],
          "shape": 3,
          "slot_index": 0
        }
      ],
      "properties": {
        "Node name for S&R": "AddMask"
      },
      "shape": 1
    },
    {
      "id": 25,
      "type": "MaskPreview+",
      "pos": [
        -160,
        1890
      ],
      "size": {
        "0": 210,
        "1": 250
      },
      "flags": {},
      "order": 24,
      "mode": 0,
      "inputs": [
        {
          "name": "mask",
          "type": "MASK",
          "link": 40
        }
      ],
      "properties": {
        "Node name for S&R": "MaskPreview+"
      },
      "shape": 1
    },
    {
      "id": 24,
      "type": "PreviewImage",
      "pos": [
        -380,
        1900
      ],
      "size": {
        "0": 210,
        "1": 250
      },
      "flags": {},
      "order": 23,
      "mode": 0,
      "inputs": [
        {
          "name": "images",
          "type": "IMAGE",
          "link": 39
        }
      ],
      "properties": {
        "Node name for S&R": "PreviewImage"
      },
      "shape": 1
    },
    {
      "id": 45,
      "type": "KSampler",
      "pos": [
        300,
        2240
      ],
      "size": {
        "0": 320,
        "1": 470
      },
      "flags": {},
      "order": 43,
      "mode": 0,
      "inputs": [
        {
          "name": "model",
          "type": "MODEL",
          "link": 80
        },
        {
          "name": "positive",
          "type": "CONDITIONING",
          "link": 81,
          "slot_index": 1
        },
        {
          "name": "negative",
          "type": "CONDITIONING",
          "link": 82
        },
        {
          "name": "latent_image",
          "type": "LATENT",
          "link": 147
        },
        {
          "name": "denoise",
          "type": "FLOAT",
          "link": 187,
          "widget": {
            "name": "denoise"
          },
          "slot_index": 4
        },
        {
          "name": "seed",
          "type": "INT",
          "link": 346,
          "widget": {
            "name": "seed"
          }
        }
      ],
      "outputs": [
        {
          "name": "LATENT",
          "type": "LATENT",
          "links": [
            84
          ],
          "shape": 3,
          "slot_index": 0
        }
      ],
      "properties": {
        "Node name for S&R": "KSampler"
      },
      "widgets_values": [
        570419062455066,
        "fixed",
        4,
        1,
        "dpmpp_sde",
        "karras",
        0.6
      ],
      "shape": 1
    },
    {
      "id": 108,
      "type": "Image Comparer (rgthree)",
      "pos": {
        "0": 900,
        "1": 760,
        "2": 0,
        "3": 0,
        "4": 0,
        "5": 0,
        "6": 0,
        "7": 0,
        "8": 0,
        "9": 0
      },
      "size": {
        "0": 480,
        "1": 400
      },
      "flags": {},
      "order": 48,
      "mode": 0,
      "inputs": [
        {
          "name": "image_a",
          "type": "IMAGE",
          "link": 345,
          "dir": 3
        },
        {
          "name": "image_b",
          "type": "IMAGE",
          "link": 344,
          "dir": 3
        }
      ],
      "outputs": [],
      "properties": {
        "comparer_mode": "Slide"
      },
      "widgets_values": [
        [
          "/view?filename=rgthree.compare._temp_sbspq_00153_.png&type=temp&subfolder=&rand=0.5052043503687862",
          "/view?filename=rgthree.compare._temp_sbspq_00154_.png&type=temp&subfolder=&rand=0.9704111565474263"
        ]
      ],
      "shape": 1
    },
    {
      "id": 5,
      "type": "KSampler",
      "pos": [
        760,
        40
      ],
      "size": [
        280,
        440
      ],
      "flags": {},
      "order": 16,
      "mode": 0,
      "inputs": [
        {
          "name": "model",
          "type": "MODEL",
          "link": 29
        },
        {
          "name": "positive",
          "type": "CONDITIONING",
          "link": 5
        },
        {
          "name": "negative",
          "type": "CONDITIONING",
          "link": 6
        },
        {
          "name": "latent_image",
          "type": "LATENT",
          "link": 171
        }
      ],
      "outputs": [
        {
          "name": "LATENT",
          "type": "LATENT",
          "links": [
            32
          ],
          "shape": 3,
          "slot_index": 0
        }
      ],
      "properties": {
        "Node name for S&R": "KSampler"
      },
      "widgets_values": [
        335464324524444,
        "fixed",
        6,
        1.5,
        "dpmpp_sde",
        "karras",
        1
      ],
      "shape": 1,
      "locked": true
    },
    {
      "id": 94,
      "type": "String Literal",
      "pos": [
        430,
        700
      ],
      "size": {
        "0": 220,
        "1": 76
      },
      "flags": {
        "pinned": false
      },
      "order": 6,
      "mode": 0,
      "outputs": [
        {
          "name": "STRING",
          "type": "STRING",
          "links": [
            184
          ],
          "shape": 3,
          "slot_index": 0
        }
      ],
      "title": "Extract subject",
      "properties": {
        "Node name for S&R": "String Literal"
      },
      "widgets_values": [
        "woman"
      ],
      "color": "#36473c",
      "bgcolor": "#223328",
      "shape": 1
    },
    {
      "id": 97,
      "type": "Primitive float [Crystools]",
      "pos": [
        900,
        640
      ],
      "size": {
        "0": 210,
        "1": 80
      },
      "flags": {},
      "order": 7,
      "mode": 0,
      "outputs": [
        {
          "name": "float",
          "type": "FLOAT",
          "links": [
            187
          ],
          "shape": 3
        }
      ],
      "title": "denoise",
      "properties": {
        "Node name for S&R": "Primitive float [Crystools]"
      },
      "widgets_values": [
        0.5
      ],
      "shape": 1
    },
    {
      "id": 163,
      "type": "ttN seed",
      "pos": [
        1120,
        640
      ],
      "size": {
        "0": 260,
        "1": 82
      },
      "flags": {},
      "order": 8,
      "mode": 0,
      "outputs": [
        {
          "name": "seed",
          "type": "INT",
          "links": [
            346
          ],
          "shape": 3,
          "slot_index": 0
        }
      ],
      "properties": {
        "Node name for S&R": "ttN seed",
        "ttNnodeVersion": "1.0.0"
      },
      "widgets_values": [
        570419062455067,
        "fixed"
      ],
      "shape": 1
    },
    {
      "id": 32,
      "type": "CLIPTextEncode",
      "pos": [
        900,
        520
      ],
      "size": {
        "0": 480,
        "1": 76
      },
      "flags": {},
      "order": 11,
      "mode": 0,
      "inputs": [
        {
          "name": "clip",
          "type": "CLIP",
          "link": 59
        }
      ],
      "outputs": [
        {
          "name": "CONDITIONING",
          "type": "CONDITIONING",
          "links": [
            65,
            81,
            127
          ],
          "shape": 3,
          "slot_index": 0
        }
      ],
      "properties": {
        "Node name for S&R": "CLIPTextEncode"
      },
      "widgets_values": [
        "an office table"
      ],
      "color": "#232",
      "bgcolor": "#353",
      "shape": 1
    },
    {
      "id": 87,
      "type": "LoadImage",
      "pos": [
        10,
        200
      ],
      "size": [
        330,
        280
      ],
      "flags": {},
      "order": 9,
      "mode": 0,
      "outputs": [
        {
          "name": "IMAGE",
          "type": "IMAGE",
          "links": [
            283
          ],
          "shape": 3,
          "slot_index": 0
        },
        {
          "name": "MASK",
          "type": "MASK",
          "links": null,
          "shape": 3
        }
      ],
      "properties": {
        "Node name for S&R": "LoadImage"
      },
      "widgets_values": [
        "tmph4ox3bus (2).png",
        "image"
      ],
      "shape": 1,
      "locked": true
    },
    {
      "id": 123,
      "type": "ImpactSwitch",
      "pos": [
        10,
        40
      ],
      "size": {
        "0": 330,
        "1": 122
      },
      "flags": {},
      "order": 18,
      "mode": 0,
      "inputs": [
        {
          "name": "input1",
          "type": "IMAGE",
          "link": 276,
          "label": "txt2img"
        },
        {
          "name": "input2",
          "type": "IMAGE",
          "link": 283,
          "label": "load image"
        },
        {
          "name": "input3",
          "type": "IMAGE",
          "link": null,
          "label": " "
        }
      ],
      "outputs": [
        {
          "name": "IMAGE",
          "type": "IMAGE",
          "links": [
            272
          ],
          "shape": 3,
          "label": "IMAGE",
          "slot_index": 0
        },
        {
          "name": "selected_label",
          "type": "STRING",
          "links": null,
          "shape": 3
        },
        {
          "name": "selected_index",
          "type": "INT",
          "links": null,
          "shape": 3
        }
      ],
      "title": "Image selector",
      "properties": {
        "Node name for S&R": "ImpactSwitch"
      },
      "widgets_values": [
        1,
        true
      ],
      "shape": 1
    }
  ],
  "links": [
    [
      1,
      1,
      1,
      2,
      0,
      "CLIP"
    ],
    [
      5,
      3,
      0,
      5,
      1,
      "CONDITIONING"
    ],
    [
      6,
      4,
      0,
      5,
      2,
      "CONDITIONING"
    ],
    [
      25,
      16,
      1,
      3,
      0,
      "CLIP"
    ],
    [
      28,
      16,
      1,
      4,
      0,
      "CLIP"
    ],
    [
      29,
      16,
      0,
      5,
      0,
      "MODEL"
    ],
    [
      32,
      5,
      0,
      18,
      0,
      "LATENT"
    ],
    [
      34,
      8,
      0,
      18,
      1,
      "VAE"
    ],
    [
      36,
      23,
      0,
      20,
      0,
      "SAM_MODEL"
    ],
    [
      37,
      22,
      0,
      20,
      1,
      "GROUNDING_DINO_MODEL"
    ],
    [
      39,
      20,
      0,
      24,
      0,
      "IMAGE"
    ],
    [
      40,
      20,
      1,
      25,
      0,
      "MASK"
    ],
    [
      44,
      27,
      0,
      28,
      0,
      "IMAGE"
    ],
    [
      47,
      30,
      0,
      29,
      0,
      "LATENT"
    ],
    [
      50,
      16,
      0,
      31,
      0,
      "MODEL"
    ],
    [
      56,
      8,
      0,
      33,
      1,
      "VAE"
    ],
    [
      57,
      31,
      0,
      33,
      0,
      "LATENT"
    ],
    [
      59,
      1,
      1,
      32,
      0,
      "CLIP"
    ],
    [
      64,
      16,
      0,
      36,
      0,
      "MODEL"
    ],
    [
      65,
      32,
      0,
      36,
      1,
      "CONDITIONING"
    ],
    [
      66,
      4,
      0,
      36,
      2,
      "CONDITIONING"
    ],
    [
      68,
      36,
      0,
      37,
      0,
      "LATENT"
    ],
    [
      69,
      8,
      0,
      37,
      1,
      "VAE"
    ],
    [
      80,
      16,
      0,
      45,
      0,
      "MODEL"
    ],
    [
      81,
      32,
      0,
      45,
      1,
      "CONDITIONING"
    ],
    [
      82,
      4,
      0,
      45,
      2,
      "CONDITIONING"
    ],
    [
      84,
      45,
      0,
      46,
      0,
      "LATENT"
    ],
    [
      85,
      8,
      0,
      46,
      1,
      "VAE"
    ],
    [
      88,
      46,
      0,
      49,
      0,
      "IMAGE"
    ],
    [
      100,
      26,
      0,
      54,
      0,
      "MASK"
    ],
    [
      105,
      54,
      0,
      27,
      1,
      "MASK"
    ],
    [
      126,
      4,
      0,
      31,
      1,
      "CONDITIONING"
    ],
    [
      127,
      32,
      0,
      31,
      2,
      "CONDITIONING"
    ],
    [
      128,
      29,
      0,
      31,
      3,
      "LATENT"
    ],
    [
      142,
      58,
      1,
      74,
      0,
      "*"
    ],
    [
      143,
      20,
      1,
      74,
      1,
      "MASK"
    ],
    [
      147,
      36,
      0,
      45,
      3,
      "LATENT"
    ],
    [
      148,
      31,
      0,
      36,
      3,
      "LATENT"
    ],
    [
      163,
      1,
      0,
      85,
      0,
      "MODEL"
    ],
    [
      164,
      2,
      0,
      85,
      1,
      "CLIP"
    ],
    [
      171,
      6,
      0,
      5,
      3,
      "LATENT"
    ],
    [
      176,
      27,
      0,
      30,
      0,
      "IMAGE"
    ],
    [
      181,
      20,
      1,
      92,
      0,
      "MASK"
    ],
    [
      182,
      58,
      1,
      92,
      1,
      "MASK"
    ],
    [
      183,
      92,
      0,
      74,
      2,
      "MASK"
    ],
    [
      184,
      94,
      0,
      20,
      3,
      "STRING"
    ],
    [
      185,
      74,
      0,
      95,
      0,
      "MASK"
    ],
    [
      187,
      97,
      0,
      45,
      4,
      "FLOAT"
    ],
    [
      203,
      8,
      0,
      30,
      1,
      "VAE"
    ],
    [
      212,
      27,
      0,
      104,
      0,
      "IMAGE"
    ],
    [
      213,
      46,
      0,
      104,
      1,
      "IMAGE"
    ],
    [
      217,
      54,
      0,
      106,
      0,
      "MASK"
    ],
    [
      218,
      106,
      0,
      104,
      2,
      "MASK"
    ],
    [
      235,
      89,
      0,
      20,
      2,
      "IMAGE"
    ],
    [
      236,
      89,
      0,
      27,
      0,
      "IMAGE"
    ],
    [
      252,
      46,
      0,
      117,
      0,
      "IMAGE"
    ],
    [
      259,
      46,
      0,
      119,
      0,
      "IMAGE"
    ],
    [
      260,
      117,
      0,
      119,
      1,
      "IMAGE"
    ],
    [
      262,
      122,
      0,
      121,
      1,
      "MASK"
    ],
    [
      263,
      20,
      0,
      121,
      0,
      "IMAGE"
    ],
    [
      265,
      20,
      1,
      122,
      0,
      "MASK"
    ],
    [
      272,
      123,
      0,
      124,
      0,
      "*"
    ],
    [
      273,
      124,
      0,
      89,
      0,
      "*"
    ],
    [
      276,
      18,
      0,
      123,
      0,
      "IMAGE"
    ],
    [
      283,
      87,
      0,
      123,
      1,
      "IMAGE"
    ],
    [
      284,
      89,
      0,
      58,
      0,
      "IMAGE"
    ],
    [
      285,
      121,
      0,
      126,
      0,
      "IMAGE"
    ],
    [
      314,
      74,
      0,
      26,
      0,
      "MASK"
    ],
    [
      319,
      20,
      0,
      117,
      1,
      "IMAGE"
    ],
    [
      320,
      20,
      1,
      117,
      2,
      "MASK"
    ],
    [
      321,
      26,
      0,
      29,
      1,
      "MASK"
    ],
    [
      337,
      121,
      0,
      120,
      0,
      "IMAGE"
    ],
    [
      339,
      159,
      0,
      20,
      4,
      "FLOAT"
    ],
    [
      341,
      85,
      0,
      16,
      0,
      "MODEL"
    ],
    [
      342,
      85,
      1,
      16,
      1,
      "CLIP"
    ],
    [
      344,
      89,
      0,
      108,
      1,
      "IMAGE"
    ],
    [
      345,
      104,
      0,
      108,
      0,
      "IMAGE"
    ],
    [
      346,
      163,
      0,
      45,
      5,
      "INT"
    ]
  ],
  "groups": [
    {
      "title": "                           Genfill Lightning   -   WIP",
      "bounding": [
        -372,
        -91,
        1752,
        80
      ],
      "color": "#6e46c8",
      "font_size": 60,
      "locked": false
    }
  ],
  "config": {},
  "extra": {},
  "version": 0.4
}